image_name,human_presence
Bellis_perennis_23299.jpeg,No
Bellis_perennis_23397.jpeg,No
Bellis_perennis_23589.jpg,No
Bellis_perennis_23595.jpeg,No
Bellis_perennis_24445.jpg,No
Bellis_perennis_24741.jpg,No
Bellis_perennis_24768.jpeg,No
Bellis_perennis_24944.jpeg,No
Bellis_perennis_25032.jpeg,No
Bellis_perennis_26044.jpg,No
Bellis_perennis_27836.jpeg,No
Bellis_perennis_27888.jpeg,No
Bellis_perennis_28331.jpeg,No
Bellis_perennis_28354.jpg,No
Bellis_perennis_28510.jpg,No
Bellis_perennis_28643.jpg,No
Bellis_perennis_28900.jpg,No
Bellis_perennis_31032.jpeg,No
Bellis_perennis_31578.jpg,No
Bellis_perennis_31650.jpeg,No
Bellis_perennis_31754.jpeg,No
Bellis_perennis_31871.jpg,No
Bellis_perennis_32025.jpeg,No
Bellis_perennis_32825.jpeg,No
Bellis_perennis_33213.jpg,No
Bellis_perennis_33216.jpeg,No
Bellis_perennis_33265.jpg,No
Bellis_perennis_33850.jpeg,No
Bellis_perennis_34145.jpeg,No
Bellis_perennis_34833.jpg,No
Bellis_perennis_35956.jpeg,No
Bellis_perennis_36708.jpg,No
Bellis_perennis_37253.jpg,No
Bellis_perennis_38622.jpeg,No
Bellis_perennis_42509.jpeg,No
Bellis_perennis_42585.jpeg,No
Bellis_perennis_42750.jpg,No
Bellis_perennis_43031.jpg,No
Bellis_perennis_43756.jpeg,No
Bellis_perennis_44817.jpeg,No
Bellis_perennis_45287.jpg,No
Bellis_perennis_45777.jpg,No
Bellis_perennis_45972.jpg,No
Bellis_perennis_45998.jpg,No
Bellis_perennis_46285.jpeg,No
Bellis_perennis_46708.jpeg,No
Bellis_perennis_47439.jpeg,No
Bellis_perennis_48063.jpeg,No
Bellis_perennis_48294.jpeg,Yes
Bellis_perennis_48390.jpg,No
Bellis_perennis_48441.jpg,No
Bellis_perennis_49942.jpeg,No
Bellis_perennis_49969.jpg,No
Bellis_perennis_51033.jpeg,No
Bellis_perennis_51372.jpeg,No
Bellis_perennis_51544.jpeg,No
Bellis_perennis_51643.jpg,No
Bellis_perennis_51647.jpeg,No
Bellis_perennis_51657.jpg,No
Bellis_perennis_52109.jpg,No
Bellis_perennis_52303.jpg,No
Bellis_perennis_52704.jpeg,No
Bellis_perennis_53286.jpeg,No
Bellis_perennis_53373.jpg,No
Bellis_perennis_53592.jpeg,No
Bellis_perennis_54074.jpg,No
Bellis_perennis_54387.jpg,No
Bellis_perennis_54543.jpg,No
Bellis_perennis_58866.jpg,No
Bellis_perennis_59818.jpeg,No
Bellis_perennis_61416.jpg,No
Bellis_perennis_61580.jpeg,No
Bellis_perennis_61603.jpeg,No
Bellis_perennis_62321.jpeg,No
Bellis_perennis_63007.jpeg,No
Bellis_perennis_63705.jpg,No
Bellis_perennis_63833.jpeg,No
Bellis_perennis_64186.jpg,No
Bellis_perennis_64582.jpg,No
Bellis_perennis_64645.jpg,No
Bellis_perennis_64759.jpeg,No
Bellis_perennis_65518.jpg,No
Bellis_perennis_66939.jpg,No
Bellis_perennis_67264.jpeg,No
Bellis_perennis_67354.jpeg,No
Bellis_perennis_71331.jpeg,No
Bellis_perennis_71653.jpg,No
Bellis_perennis_72294.jpeg,No
Bellis_perennis_72501.jpeg,No
Bellis_perennis_72867.jpeg,No
Bellis_perennis_73115.jpg,No
Bellis_perennis_73189.jpeg,No
Bellis_perennis_73419.jpeg,No
Bellis_perennis_73473.jpeg,No
Bellis_perennis_74274.jpg,No
Bellis_perennis_74387.jpg,Yes
Bellis_perennis_74570.jpg,No
Bellis_perennis_74877.jpg,No
Bellis_perennis_74930.jpeg,No
Bellis_perennis_75020.jpeg,No
Bellis_perennis_75678.jpeg,No
Bellis_perennis_75777.jpeg,No
Bellis_perennis_78606.jpeg,No
Bellis_perennis_79105.jpg,No
Bellis_perennis_79318.jpeg,No
Bellis_perennis_79728.jpg,No
Bellis_perennis_80680.jpeg,No
Bellis_perennis_82114.jpeg,No
Bellis_perennis_82909.jpeg,No
Bellis_perennis_83546.jpeg,No
Bellis_perennis_83806.jpeg,No
Bellis_perennis_83875.jpeg,No
Bellis_perennis_84257.jpeg,No
Bellis_perennis_84312.jpeg,No
Bellis_perennis_84558.jpeg,No
Bellis_perennis_84789.jpg,No
Bellis_perennis_85510.jpg,No
Bellis_perennis_86013.jpeg,No
Bellis_perennis_86505.jpg,No
Bellis_perennis_1642.jpg,No
Bellis_perennis_2298.jpg,No
Bellis_perennis_2767.jpg,No
Bellis_perennis_3703.jpeg,No
Bellis_perennis_3739.jpg,No
Bellis_perennis_4129.jpg,No
Bellis_perennis_4165.jpg,No
Bellis_perennis_4832.jpeg,No
Bellis_perennis_5155.jpg,No
Bellis_perennis_5275.jpeg,No
Bellis_perennis_5609.jpeg,No
Bellis_perennis_6078.jpeg,No
Bellis_perennis_6312.jpeg,No
Bellis_perennis_6861.jpg,No
Bellis_perennis_7658.jpeg,No
Bellis_perennis_8057.jpeg,No
Bellis_perennis_8759.jpg,No
Bellis_perennis_12330.jpg,No
Bellis_perennis_12684.jpg,No
Bellis_perennis_13115.jpg,No
Bellis_perennis_15017.jpg,No
Bellis_perennis_15282.jpeg,No
Bellis_perennis_15299.jpeg,No
Bellis_perennis_15341.jpeg,No
Bellis_perennis_16066.jpg,No
Bellis_perennis_16619.jpeg,No
Bellis_perennis_16886.jpeg,No
Bellis_perennis_18458.jpeg,No
Bellis_perennis_19055.jpeg,No
Bellis_perennis_19401.jpeg,No
Bellis_perennis_20134.jpg,No
Bellis_perennis_20217.jpeg,No
Bellis_perennis_20944.jpg,No
Bellis_perennis_21315.jpg,No
Bellis_perennis_1131.jpg,No
Bellis_perennis_9043.jpeg,No
Bellis_perennis_9505.jpg,No
Bellis_perennis_11807.jpeg,No
Bellis_perennis_12016.jpg,No
Bellis_perennis_12135.jpeg,No
Bellis_perennis_21319.jpeg,No
Bellis_perennis_21799.jpg,No
Bellis_perennis_22009.jpg,No
Bellis_perennis_22734.jpeg,No
Bellis_perennis_22739.jpeg,No
Bellis_perennis_29107.jpg,No
Bellis_perennis_41976.jpeg,No
Bellis_perennis_48724.jpeg,No
Bellis_perennis_49189.jpeg,No
Bellis_perennis_49559.jpeg,No
Bellis_perennis_49871.jpeg,No
Bellis_perennis_49914.jpeg,No
Bellis_perennis_54908.jpg,No
Bellis_perennis_55736.jpg,No
Bellis_perennis_55872.jpg,No
Bellis_perennis_56862.jpeg,No
Bellis_perennis_57693.jpeg,No
Bellis_perennis_67678.jpeg,No
Bellis_perennis_68000.jpg,No
Bellis_perennis_69059.jpeg,No
Bellis_perennis_86872.jpeg,No
Bellis_perennis_88111.jpeg,No
Bellis_perennis_88238.jpeg,No
Bellis_perennis_1023.jpg,No
Bellis_perennis_1083.jpg,No
Bellis_perennis_29518.jpg,No
Bellis_perennis_30591.jpg,No
Bellis_perennis_30761.jpg,Yes
Bellis_perennis_30923.jpeg,No
Bellis_perennis_39915.jpeg,No
Bellis_perennis_40247.jpg,No
Bellis_perennis_41334.jpeg,No
Bellis_perennis_41853.jpeg,No
Bellis_perennis_69977.jpg,No
Bellis_perennis_71300.jpeg,No
Bellis_perennis_75910.jpg,No
Bellis_perennis_76068.jpg,No
Bellis_perennis_76336.jpg,No
Bellis_perennis_76605.jpeg,No
Bellis_perennis_77301.jpeg,No
Bellis_perennis_86586.jpeg,No
Leucanthemum_vulgare_99733.jpeg,No
Leucanthemum_vulgare_99740.jpeg,No
Leucanthemum_vulgare_100038.jpeg,No
Leucanthemum_vulgare_100058.jpeg,No
Leucanthemum_vulgare_100392.jpeg,No
Leucanthemum_vulgare_100483.jpg,No
Leucanthemum_vulgare_100565.jpeg,No
Leucanthemum_vulgare_100610.jpeg,No
Leucanthemum_vulgare_100620.jpeg,No
Leucanthemum_vulgare_100705.jpeg,No
Leucanthemum_vulgare_100795.jpg,No
Leucanthemum_vulgare_100802.jpg,No
Leucanthemum_vulgare_100813.jpeg,No
Leucanthemum_vulgare_101050.jpeg,No
Leucanthemum_vulgare_101490.jpeg,No
Leucanthemum_vulgare_101517.jpg,No
Leucanthemum_vulgare_101535.jpg,No
Leucanthemum_vulgare_101626.jpeg,No
Leucanthemum_vulgare_101651.jpeg,No
Leucanthemum_vulgare_101835.jpg,No
Leucanthemum_vulgare_101948.jpeg,No
Leucanthemum_vulgare_101959.jpg,No
Leucanthemum_vulgare_102170.jpeg,No
Leucanthemum_vulgare_102226.jpg,No
Leucanthemum_vulgare_102872.jpg,No
Leucanthemum_vulgare_102982.jpg,No
Leucanthemum_vulgare_103006.jpeg,No
Leucanthemum_vulgare_103405.jpg,No
Leucanthemum_vulgare_104074.jpeg,No
Leucanthemum_vulgare_104117.jpeg,No
Leucanthemum_vulgare_104204.jpg,No
Leucanthemum_vulgare_104335.jpeg,No
Leucanthemum_vulgare_104555.jpg,No
Leucanthemum_vulgare_104565.jpg,No
Leucanthemum_vulgare_104809.png,No
Leucanthemum_vulgare_104826.jpg,No
Leucanthemum_vulgare_104880.jpg,No
Leucanthemum_vulgare_105023.jpg,No
Leucanthemum_vulgare_105164.jpeg,No
Leucanthemum_vulgare_105453.jpeg,No
Leucanthemum_vulgare_105521.jpeg,No
Leucanthemum_vulgare_105548.jpeg,No
Leucanthemum_vulgare_106663.jpeg,No
Leucanthemum_vulgare_106693.jpeg,No
Leucanthemum_vulgare_106836.jpeg,No
Leucanthemum_vulgare_106939.jpeg,No
Leucanthemum_vulgare_106965.jpeg,No
Leucanthemum_vulgare_107063.jpg,No
Leucanthemum_vulgare_107357.jpeg,No
Leucanthemum_vulgare_107366.jpeg,No
Leucanthemum_vulgare_107470.jpeg,No
Leucanthemum_vulgare_107552.jpeg,No
Leucanthemum_vulgare_107748.jpg,No
Leucanthemum_vulgare_107831.jpeg,No
Leucanthemum_vulgare_108082.jpeg,No
Leucanthemum_vulgare_108131.jpg,No
Leucanthemum_vulgare_108888.jpeg,No
Leucanthemum_vulgare_108933.jpg,No
Leucanthemum_vulgare_109144.jpeg,No
Leucanthemum_vulgare_109175.jpeg,No
Leucanthemum_vulgare_109337.jpeg,No
Leucanthemum_vulgare_109441.jpeg,No
Leucanthemum_vulgare_109487.jpeg,No
Leucanthemum_vulgare_109585.jpeg,No
Leucanthemum_vulgare_109839.jpeg,No
Leucanthemum_vulgare_109869.jpeg,No
Leucanthemum_vulgare_109955.jpeg,No
Leucanthemum_vulgare_109968.jpeg,No
Leucanthemum_vulgare_110083.jpg,No
Leucanthemum_vulgare_110261.jpeg,No
Leucanthemum_vulgare_93881.jpg,No
Leucanthemum_vulgare_93961.jpeg,No
Leucanthemum_vulgare_94108.jpg,No
Leucanthemum_vulgare_94266.jpeg,No
Leucanthemum_vulgare_94342.jpeg,No
Leucanthemum_vulgare_94447.jpeg,No
Leucanthemum_vulgare_94553.jpeg,No
Leucanthemum_vulgare_94608.jpeg,No
Leucanthemum_vulgare_94690.jpeg,No
Leucanthemum_vulgare_94752.jpeg,No
Leucanthemum_vulgare_94862.jpeg,No
Leucanthemum_vulgare_95042.jpeg,No
Leucanthemum_vulgare_95143.jpeg,No
Leucanthemum_vulgare_95171.jpg,No
Leucanthemum_vulgare_96452.jpeg,No
Leucanthemum_vulgare_96729.jpeg,No
Leucanthemum_vulgare_96743.jpg,No
Leucanthemum_vulgare_96745.jpg,No
Leucanthemum_vulgare_96791.jpeg,No
Leucanthemum_vulgare_96966.jpeg,No
Leucanthemum_vulgare_97137.jpeg,No
Leucanthemum_vulgare_97192.jpeg,No
Leucanthemum_vulgare_97323.jpeg,No
Leucanthemum_vulgare_97605.jpeg,No
Leucanthemum_vulgare_97657.jpeg,No
Leucanthemum_vulgare_97726.jpg,No
Leucanthemum_vulgare_97786.jpeg,No
Leucanthemum_vulgare_97949.jpeg,No
Leucanthemum_vulgare_88755.jpg,No
Leucanthemum_vulgare_88832.jpeg,No
Leucanthemum_vulgare_89177.jpg,No
Leucanthemum_vulgare_89288.jpeg,No
Leucanthemum_vulgare_89471.jpeg,No
Leucanthemum_vulgare_89575.jpg,No
Leucanthemum_vulgare_89643.jpg,No
Leucanthemum_vulgare_89884.jpeg,No
Leucanthemum_vulgare_89926.jpg,No
Leucanthemum_vulgare_89968.jpg,No
Leucanthemum_vulgare_89998.jpg,No
Leucanthemum_vulgare_90012.jpg,No
Leucanthemum_vulgare_90737.jpg,No
Leucanthemum_vulgare_90903.jpg,No
Leucanthemum_vulgare_91075.jpeg,No
Leucanthemum_vulgare_91199.jpeg,No
Leucanthemum_vulgare_91293.jpg,No
Leucanthemum_vulgare_91307.jpeg,No
Leucanthemum_vulgare_91334.jpeg,No
Leucanthemum_vulgare_91524.jpeg,No
Leucanthemum_vulgare_91800.jpg,No
Leucanthemum_vulgare_91881.jpeg,No
Leucanthemum_vulgare_91883.jpeg,No
Leucanthemum_vulgare_91924.jpeg,No
Leucanthemum_vulgare_91957.jpeg,No
Leucanthemum_vulgare_91967.jpg,No
Leucanthemum_vulgare_92003.jpg,No
Leucanthemum_vulgare_92594.jpeg,No
Leucanthemum_vulgare_92658.jpeg,No
Leucanthemum_vulgare_92898.jpeg,No
Leucanthemum_vulgare_93534.jpeg,No
Leucanthemum_vulgare_93566.jpeg,No
Leucanthemum_vulgare_93650.jpeg,No
Leucanthemum_vulgare_93765.jpeg,No
Leucanthemum_vulgare_93843.jpg,No
Leucanthemum_vulgare_95339.jpeg,No
Leucanthemum_vulgare_95519.jpeg,No
Leucanthemum_vulgare_95537.jpeg,No
Leucanthemum_vulgare_95763.jpg,No
Leucanthemum_vulgare_95944.jpg,Yes
Leucanthemum_vulgare_96063.jpg,No
Leucanthemum_vulgare_96091.jpeg,No
Leucanthemum_vulgare_96438.jpeg,No
Leucanthemum_vulgare_97982.jpg,No
Leucanthemum_vulgare_98069.jpg,No
Leucanthemum_vulgare_98462.jpeg,No
Leucanthemum_vulgare_98688.jpg,No
Leucanthemum_vulgare_98696.jpg,No
Leucanthemum_vulgare_101101.jpeg,No
Leucanthemum_vulgare_101198.jpeg,No
Leucanthemum_vulgare_101248.jpeg,No
Leucanthemum_vulgare_101369.jpg,No
Leucanthemum_vulgare_101393.jpeg,No
Leucanthemum_vulgare_101398.jpeg,No
Leucanthemum_vulgare_101403.jpeg,No
Leucanthemum_vulgare_103454.jpeg,No
Leucanthemum_vulgare_103464.jpeg,No
Leucanthemum_vulgare_103642.jpg,No
Leucanthemum_vulgare_103665.jpeg,No
Leucanthemum_vulgare_103775.jpeg,No
Leucanthemum_vulgare_103829.jpeg,No
Leucanthemum_vulgare_103881.jpeg,No
Leucanthemum_vulgare_103975.jpeg,No
Leucanthemum_vulgare_105616.jpg,No
Leucanthemum_vulgare_105619.jpeg,No
Leucanthemum_vulgare_105669.jpeg,Yes
Leucanthemum_vulgare_106311.jpg,No
Leucanthemum_vulgare_108324.jpeg,No
Leucanthemum_vulgare_108373.jpeg,No
Leucanthemum_vulgare_108409.jpeg,No
Leucanthemum_vulgare_108448.jpg,No
Leucanthemum_vulgare_108705.jpeg,No
Leucanthemum_vulgare_108752.jpeg,No
Leucanthemum_vulgare_108817.jpeg,No
Leucanthemum_vulgare_108871.jpg,No
Leucanthemum_vulgare_110445.jpeg,No
Leucanthemum_vulgare_110476.jpeg,No
Leucanthemum_vulgare_110483.jpeg,No
Leucanthemum_vulgare_110586.jpeg,No
Leucanthemum_vulgare_110789.jpg,No
Leucanthemum_vulgare_88363.jpg,No
Leucanthemum_vulgare_88537.jpg,No
Leucanthemum_vulgare_88563.jpg,No
Leucanthemum_vulgare_88577.jpg,No
Leucanthemum_vulgare_88605.jpg,No
Leucanthemum_vulgare_88674.jpeg,No
Leucanthemum_vulgare_90090.jpeg,No
Leucanthemum_vulgare_90143.jpeg,No
Leucanthemum_vulgare_90353.jpeg,No
Leucanthemum_vulgare_90503.jpeg,No
Leucanthemum_vulgare_93047.jpg,No
Leucanthemum_vulgare_93202.jpg,No
Leucanthemum_vulgare_93294.jpeg,No
Leucanthemum_vulgare_93350.jpeg,No
Leucanthemum_vulgare_99182.jpeg,No
Leucanthemum_vulgare_99527.jpg,No
Leucanthemum_vulgare_99700.jpeg,No
Leucanthemum_vulgare_101072.jpeg,No
Leucanthemum_vulgare_105837.jpg,No
Leucanthemum_vulgare_105966.jpg,No
Leucanthemum_vulgare_106219.jpg,No
Leucanthemum_vulgare_106245.jpeg,No
Matricaria_chamomilla_114116.jpeg,No
Matricaria_chamomilla_114125.jpg,No
Matricaria_chamomilla_111037.jpg,No
Matricaria_chamomilla_111044.jpg,No
Matricaria_chamomilla_111073.jpg,No
Matricaria_chamomilla_111094.jpeg,No
Matricaria_chamomilla_111111.jpg,No
Matricaria_chamomilla_111113.jpg,No
Matricaria_chamomilla_111309.jpg,No
Matricaria_chamomilla_111320.jpg,No
Matricaria_chamomilla_111341.jpeg,No
Matricaria_chamomilla_111346.jpeg,No
Matricaria_chamomilla_111371.jpg,No
Matricaria_chamomilla_111379.jpg,No
Matricaria_chamomilla_111538.jpeg,No
Matricaria_chamomilla_111540.jpeg,No
Matricaria_chamomilla_111541.jpg,No
Matricaria_chamomilla_111560.jpg,No
Matricaria_chamomilla_111611.jpeg,No
Matricaria_chamomilla_111630.jpg,No
Matricaria_chamomilla_111784.jpeg,No
Matricaria_chamomilla_111790.jpg,No
Matricaria_chamomilla_111813.jpg,No
Matricaria_chamomilla_111817.jpeg,No
Matricaria_chamomilla_111846.jpeg,No
Matricaria_chamomilla_111853.jpeg,No
Matricaria_chamomilla_111897.jpeg,No
Matricaria_chamomilla_111905.jpg,No
Matricaria_chamomilla_111907.jpeg,No
Matricaria_chamomilla_111910.jpeg,No
Matricaria_chamomilla_111976.jpeg,No
Matricaria_chamomilla_111986.jpeg,No
Matricaria_chamomilla_112118.jpg,No
Matricaria_chamomilla_112128.jpg,No
Matricaria_chamomilla_112141.jpeg,No
Matricaria_chamomilla_112144.jpg,No
Matricaria_chamomilla_112146.jpeg,No
Matricaria_chamomilla_112163.jpg,No
Matricaria_chamomilla_112358.jpg,No
Matricaria_chamomilla_112375.jpeg,No
Matricaria_chamomilla_112395.jpeg,No
Matricaria_chamomilla_112396.jpeg,No
Matricaria_chamomilla_112413.jpg,No
Matricaria_chamomilla_112487.jpeg,No
Matricaria_chamomilla_112659.jpg,No
Matricaria_chamomilla_112665.jpeg,No
Matricaria_chamomilla_112668.jpeg,No
Matricaria_chamomilla_112702.jpg,No
Matricaria_chamomilla_112735.jpg,No
Matricaria_chamomilla_112743.jpg,No
Matricaria_chamomilla_112877.jpg,No
Matricaria_chamomilla_112926.jpeg,No
Matricaria_chamomilla_112933.jpeg,No
Matricaria_chamomilla_112939.jpeg,No
Matricaria_chamomilla_112964.jpeg,No
Matricaria_chamomilla_113033.jpeg,No
Matricaria_chamomilla_113180.jpeg,No
Matricaria_chamomilla_113194.jpg,No
Matricaria_chamomilla_113197.jpeg,No
Matricaria_chamomilla_113224.jpg,No
Matricaria_chamomilla_113225.jpeg,No
Matricaria_chamomilla_113277.jpeg,No
Matricaria_chamomilla_113504.jpeg,No
Matricaria_chamomilla_113540.jpeg,No
Matricaria_chamomilla_113544.jpeg,No
Matricaria_chamomilla_113555.jpg,No
Matricaria_chamomilla_113565.jpeg,No
Matricaria_chamomilla_113566.jpg,No
Matricaria_chamomilla_113681.jpeg,No
Matricaria_chamomilla_113685.jpg,No
Matricaria_chamomilla_113693.jpg,No
Matricaria_chamomilla_113707.jpeg,No
Matricaria_chamomilla_113708.jpeg,No
Matricaria_chamomilla_113716.jpg,No
Matricaria_chamomilla_113839.jpeg,No
Matricaria_chamomilla_113869.jpeg,No
Matricaria_chamomilla_113872.jpg,No
Matricaria_chamomilla_113878.jpeg,No
Matricaria_chamomilla_113908.jpg,No
Matricaria_chamomilla_113936.jpg,No
Matricaria_chamomilla_114036.jpeg,No
Matricaria_chamomilla_114043.jpg,No
Matricaria_chamomilla_114070.jpeg,No
Matricaria_chamomilla_114094.jpg,No
Matricaria_chamomilla_113310.jpeg,No
Matricaria_chamomilla_113361.jpg,No
Matricaria_chamomilla_113374.jpeg,No
Matricaria_chamomilla_113375.jpeg,No
Matricaria_chamomilla_113392.jpeg,No
Matricaria_chamomilla_113407.jpeg,No
Matricaria_chamomilla_113423.jpeg,No
Matricaria_chamomilla_113583.jpeg,No
Matricaria_chamomilla_113602.jpg,No
Matricaria_chamomilla_113616.jpeg,No
Matricaria_chamomilla_113650.jpeg,No
Matricaria_chamomilla_113654.jpg,No
Matricaria_chamomilla_113661.jpg,No
Matricaria_chamomilla_113669.jpeg,No
Matricaria_chamomilla_113679.jpeg,No
Matricaria_chamomilla_113725.jpeg,Yes
Matricaria_chamomilla_113756.jpg,No
Matricaria_chamomilla_113761.jpeg,No
Matricaria_chamomilla_113768.jpg,No
Matricaria_chamomilla_113775.jpg,No
Matricaria_chamomilla_113789.jpeg,No
Matricaria_chamomilla_113824.jpg,No
Matricaria_chamomilla_113948.jpeg,No
Matricaria_chamomilla_113969.jpg,No
Matricaria_chamomilla_113971.jpeg,No
Matricaria_chamomilla_113996.jpeg,No
Matricaria_chamomilla_113998.jpg,No
Matricaria_chamomilla_114012.jpeg,No
Matricaria_chamomilla_114022.jpg,No
Matricaria_chamomilla_114182.jpeg,No
Matricaria_chamomilla_114191.jpeg,No
Matricaria_chamomilla_114230.jpg,No
Matricaria_chamomilla_114240.jpg,No
Matricaria_chamomilla_114279.jpeg,No
Matricaria_chamomilla_114305.jpeg,No
Matricaria_chamomilla_114315.jpeg,No
Matricaria_chamomilla_114373.jpeg,No
Matricaria_chamomilla_114375.jpeg,No
Matricaria_chamomilla_114438.jpeg,No
Matricaria_chamomilla_114444.jpeg,No
Matricaria_chamomilla_114457.jpeg,No
Matricaria_chamomilla_112018.jpeg,No
Matricaria_chamomilla_112019.jpeg,No
Matricaria_chamomilla_112024.jpeg,No
Matricaria_chamomilla_112053.jpg,No
Matricaria_chamomilla_112058.jpg,No
Matricaria_chamomilla_112097.jpeg,No
Matricaria_chamomilla_112100.jpeg,No
Matricaria_chamomilla_112217.jpg,No
Matricaria_chamomilla_112236.jpg,No
Matricaria_chamomilla_112238.jpg,No
Matricaria_chamomilla_112251.jpeg,No
Matricaria_chamomilla_112276.jpeg,No
Matricaria_chamomilla_112307.jpeg,No
Matricaria_chamomilla_112348.jpeg,No
Matricaria_chamomilla_112500.jpeg,No
Matricaria_chamomilla_112522.jpg,No
Matricaria_chamomilla_112547.jpeg,No
Matricaria_chamomilla_112555.jpeg,No
Matricaria_chamomilla_112562.jpeg,No
Matricaria_chamomilla_112584.jpeg,No
Matricaria_chamomilla_112590.jpeg,No
Matricaria_chamomilla_112608.jpeg,No
Matricaria_chamomilla_112746.jpeg,No
Matricaria_chamomilla_112750.jpeg,No
Matricaria_chamomilla_112844.jpeg,No
Matricaria_chamomilla_112857.jpeg,No
Matricaria_chamomilla_112869.jpeg,No
Matricaria_chamomilla_112872.jpeg,No
Matricaria_chamomilla_112876.jpeg,No
Matricaria_chamomilla_113037.jpeg,No
Matricaria_chamomilla_113043.jpeg,No
Matricaria_chamomilla_113045.jpeg,No
Matricaria_chamomilla_113050.jpg,No
Matricaria_chamomilla_113055.jpg,No
Matricaria_chamomilla_113097.jpeg,No
Matricaria_chamomilla_113102.jpeg,No
Matricaria_chamomilla_113144.jpeg,No
Matricaria_chamomilla_113720.jpeg,No
Matricaria_chamomilla_114015.jpeg,No
Matricaria_chamomilla_111162.jpg,No
Matricaria_chamomilla_111164.jpeg,No
Matricaria_chamomilla_111228.jpeg,No
Matricaria_chamomilla_111242.jpeg,No
Matricaria_chamomilla_111251.jpeg,No
Matricaria_chamomilla_111265.jpg,No
Matricaria_chamomilla_111284.jpg,No
Matricaria_chamomilla_111303.jpeg,No
Matricaria_chamomilla_111409.jpeg,No
Matricaria_chamomilla_111426.jpeg,No
Matricaria_chamomilla_111430.jpg,No
Matricaria_chamomilla_111440.jpg,No
Matricaria_chamomilla_111477.jpeg,No
Matricaria_chamomilla_111484.jpeg,No
Matricaria_chamomilla_111491.jpg,No
Matricaria_chamomilla_111512.jpeg,No
Matricaria_chamomilla_111755.jpeg,No
Matricaria_chamomilla_111773.jpg,No
Matricaria_chamomilla_111855.jpeg,No
Matricaria_chamomilla_111870.jpeg,No
Matricaria_chamomilla_111872.jpg,No
Matricaria_chamomilla_111880.jpeg,No
Matricaria_chamomilla_111881.jpg,No
Matricaria_chamomilla_111886.jpg,No
Matricaria_chamomilla_111890.jpg,No
Matricaria_chamomilla_111892.jpg,No
Matricaria_chamomilla_112001.jpeg,No
Matricaria_chamomilla_112347.jpeg,No
Matricaria_chamomilla_112867.jpg,No
Matricaria_chamomilla_113369.jpeg,No
Matricaria_chamomilla_111654.jpeg,No
Matricaria_chamomilla_111726.jpeg,No
Matricaria_chamomilla_111733.jpeg,No
Matricaria_chamomilla_111748.jpeg,No
Matricaria_chamomilla_111633.jpg,No
Matricaria_chamomilla_111637.jpg,No
